"Name","Gross Import","Share","Code","Sector"
"Horses","144332","0.00029291777098607345","0101","Agriculture"
"Bovine","3936628","0.007989276799056097","0102","Agriculture"
"Swine","330952","0.0006716578592646328","0103","Agriculture"
"Sheep","170916","0.0003468692580013839","0104","Agriculture"
"Fowl","9926116","0.02014477574806141","0105","Agriculture"
"Other live animals","836340","0.001697328718416517","0106","Agriculture"
"Beef","2205809","0.0044766278822507815","0201","Agriculture"
"Beef (frozen)","70170033","0.14240812610078998","0202","Agriculture"
"Pork","115805989","0.23502502677658277","0203","Agriculture"
"Lamb","4014984","0.0081482981170132","0204","Agriculture"
"Horse meat","27905","0.000056632419694637234","0205","Agriculture"
"Edible offal","107091232","0.21733867035440835","0206","Agriculture"
"Poultry","659090030","1.3376048448489892","0207","Agriculture"
"Other meat","800836","0.0016252743400313383","0208","Agriculture"
"Pig and poultry fat","514144","0.0010434409170929785","0209","Agriculture"
"Preserved meat","7878506","0.015989208326777193","0210","Agriculture"
"Live Fish","64185","0.00013026166845010896","0301","Agriculture"
"Fish, excluding fillets","8968433","0.018201184793378764","0302","Agriculture"
"Frozen fish, excluding fillets","296413990","0.6015639306590934","0303","Agriculture"
"Fish fillets","4775811","0.009692375306728727","0304","Agriculture"
"Preserved fish","80209721","0.1627833930572212","0305","Agriculture"
"Crustaceans","1668011","0.003385181831473626","0306","Agriculture"
"Molluscs","1084135","0.002200221764043918","0307","Agriculture"
"Milk","25084843","0.05090898967031295","0401","Agriculture"
"Milk, concentrated","180982476","0.36729889045714426","0402","Agriculture"
"Fermented milk products","19990319","0.040569795213677866","0403","Agriculture"
"Whey","4471416","0.009074614138731984","0404","Agriculture"
"Butter","9231161","0.01873438394627368","0405","Agriculture"
"Cheese","26202994","0.05317824595821757","0406","Agriculture"
"Eggs, in shell","12874509","0.026128457160020935","0407","Agriculture"
"Egg yolks","1016089","0.0020621243037127488","0408","Agriculture"
"Honey","862294","0.001750001637992027","0409","Agriculture"
"Edible animal products, n.e.c.","121665","0.00024691572629091695","0410","Agriculture"
"Human hair, unworked","17008","0.00003451726193034904","0501","Agriculture"
"Animal guts, except fish","21310902","0.0432498816031279","0504","Agriculture"
"Bones, simply prepared","442355","0.000897747142591695","0506","Agriculture"
"Coral and shells","132235","0.00026836724666978517","0508","Agriculture"
"Animal products n.e.c.","250140","0.0005076521577644349","0511","Agriculture"
"Flower bulbs","66867","0.00013570471269382935","0601","Agriculture"
"Other live plants","2778161","0.0056382003128927815","0602","Agriculture"
"Cut flowers","7893069","0.016018763529357844","0603","Agriculture"
"Other parts of plants","238255","0.000483531881539","0604","Agriculture"
"Potatoes","3724924","0.0075596294319522275","0701","Agriculture"
"Tomatoes","165261","0.00033539259312508307","0702","Agriculture"
"Onions, shallots, garlic","30161837","0.061212607480567574","0703","Agriculture"
"Cabbages, cauliflowers, broccoli","2663323","0.005405139792810618","0704","Agriculture"
"Lettuce","143061","0.00029033831191308","0705","Agriculture"
"Carrots & turnips","658232","0.0013358634968801452","0706","Agriculture"
"Cucumbers","13615","0.00002763126300456857","0707","Agriculture"
"Legumes","1380984","0.002802668535372833","0708","Agriculture"
"Other vegetables","3234613","0.006564556924054099","0709","Agriculture"
"Frozen vegetables","4964304","0.010074916596300533","0710","Agriculture"
"Vegetables, provisionally preserved","407494","0.0008269977147839636","0711","Agriculture"
"Vegetables, dried","1801710","0.003656520225336852","0712","Agriculture"
"Legumes, dried","41920416","0.0850763158102772","0713","Agriculture"
"Tubers","703117","0.0014269563532855849","0714","Agriculture"
"Cashew nuts & coconuts","1208766","0.0024531569046625287","0801","Agriculture"
"Other nuts","2349668","0.0047685857129209416","0802","Agriculture"
"Bananas and plantains","1377218","0.0027950255433438057","0803","Agriculture"
"Avocados, pineapples, mangos, etc.","5193978","0.010541033577520606","0804","Agriculture"
"Citrus fruit","7088502","0.01438591722882191","0805","Agriculture"
"Grapes","3415617","0.006931899496869297","0806","Agriculture"
"Melons and papayas","219878","0.0004462362722672441","0807","Agriculture"
"Apples & pears","20643699","0.04189581171179942","0808","Agriculture"
"Peaches & cherries","432439","0.000877622896983667","0809","Agriculture"
"Other fresh fruit","1887108","0.0038298330860099435","0810","Agriculture"
"Fruits and nuts, frozen","300120","0.000609085174655242","0811","Agriculture"
"Fruits and nuts, provisionally preserved","82116","0.00016665213315337146","0812","Agriculture"
"Fruits, dried","620402","0.0012590885663283401","0813","Agriculture"
"Peel of citrus fruit or melons","4063","0.000008245745250647235","0814","Agriculture"
"Coffee","10888665","0.02209824211411242","0901","Agriculture"
"Tea","38389972","0.07791137811751915","0902","Agriculture"
"Mate","23071","0.000046821951434329885","0903","Agriculture"
"Pepper","1663700","0.0033764327771355655","0904","Agriculture"
"Vanilla","121089","0.00024574675034595695","0905","Agriculture"
"Cinnamon","425768","0.0008640842884266728","0906","Agriculture"
"Cloves","215324","0.0004369940562024034","0907","Agriculture"
"Nutmeg","517789","0.001050838342994679","0908","Agriculture"
"Anise, fennel, etc.","388584","0.0007886203968686942","0909","Agriculture"
"Spices","3931668","0.007979210617307829","0910","Agriculture"
"Wheat and meslin","748292552","1.518638876876372","1001","Agriculture"
"Rye","129795","0.0002634153346807181","1002","Agriculture"
"Barley","88282","0.000179165858286399","1003","Agriculture"
"Oats","32777","0.00006652000789575791","1004","Agriculture"
"Corn","45169553","0.09167034878749902","1005","Agriculture"
"Rice","755154612","1.532565236377887","1006","Agriculture"
"Grain sorghum","3382267","0.006864216601444959","1007","Agriculture"
"Other cereals","369114","0.0007491065745624916","1008","Agriculture"
"Wheat or meslin flour","95826179","0.19447655928548405","1101","Agriculture"
"Cereal flours","37074720","0.07524211084397638","1102","Agriculture"
"Cereal meals","92910995","0.18856027461337901","1103","Agriculture"
"Worked cereal grains","3803370","0.007718833402400731","1104","Agriculture"
"Potato flour","742119","0.0015061098251698437","1105","Agriculture"
"Flour of dried legumes","10675646","0.021665925991161985","1106","Agriculture"
"Malt","138094389","0.28025871332458324","1107","Agriculture"
"Starches","5836973","0.011845974007606728","1108","Agriculture"
"Wheat gluten","1144967","0.002323678612453313","1109","Agriculture"
"Soya beans","2116680","0.004295743061073096","1201","Agriculture"
"Peanuts","848953","0.0017229264503501652","1202","Agriculture"
"Copra","20684","0.00004197760146797622","1203","Agriculture"
"Linseed","31875","0.00006468942403750445","1204","Agriculture"
"Rape or colza seeds","10332","0.000020968506012721443","1205","Agriculture"
"Sunflower seeds","49190","0.00009982973391074021","1206","Agriculture"
"Other oil seeds","1730252","0.003511498206109495","1207","Agriculture"
"Flours of oil seeds","5840215","0.011852553556241383","1208","Agriculture"
"Seeds used for sowing","8860021","0.017981165661182564","1209","Agriculture"
"Hop cones","637407","0.001293599739842309","1210","Agriculture"
"Plants used in perfumery, pharmacy or insecticide","972596","0.0019738564725076293","1211","Agriculture"
"Seaweeds & edible vegetable products","39049","0.00007924885707421212","1212","Agriculture"
"Cereal straw and husks","5674","0.00001151522484670746","1213","Agriculture"
"Forage products","416791","0.0008458657171455848","1214","Agriculture"
"Lac","443735","0.0009005478141264953","1301","Agriculture"
"Vegetable saps and extracts","8834475","0.017929320766234734","1302","Agriculture"
"Vegetable materials used for plaiting","117281","0.0002380185204876097","1401","Agriculture"
"Vegetable products n.e.c.","548195","0.0011125464724781099","1404","Agriculture"
"Pig and poultry fat, rendered","15431","0.00003131678438659549","1501","Agriculture"
"Bovine, sheep and goat fats","175140","0.00035544174826442445","1502","Agriculture"
"Lard oil, tallow oil etc.","1147","0.0000023278045292868267","1503","Agriculture"
"Fish oils","28292","0.000057417825407657285","1504","Agriculture"
"Wool grease","251396","0.0005102011747555285","1505","Agriculture"
"Other animal fats and oils","24745","0.00005021928777437012","1506","Agriculture"
"Soybean oil","130210011","0.2642575879374782","1507","Agriculture"
"Peanut oil","114679","0.0002327378340140227","1508","Agriculture"
"Olive oil","9759067","0.01980575445877385","1509","Agriculture"
"Olive oil, blended","1037221","0.0021050111086934717","1510","Agriculture"
"Palm oil","352900920","0.7162025806150725","1511","Agriculture"
"Sunflower seed oil","24872305","0.05047764972345544","1512","Agriculture"
"Coconut & palm kernel oil","900002","0.0018265289729443791","1513","Agriculture"
"Rapeseed, colza or mustard oil,","283025","0.0005743913486498729","1514","Agriculture"
"Other vegetable fats and oils","19835149","0.040254882023782974","1515","Agriculture"
"Vegetable fats, hydrogenated","18667273","0.03788471023437986","1516","Agriculture"
"Margarine","44053071","0.08940447968857382","1517","Agriculture"
"Animal or vegetable fats and oils, processed","132385","0.00026867166748878517","1518","Agriculture"
"Stearic acid","14314310","0.029050493157467935","1519","Agriculture"
"Glycerol","6202110","0.012587009371521466","1520","Agriculture"
"Vegetable waxes and beeswax","35566","0.00007218020565703164","1521","Agriculture"
"Degras and wax residues","174927","0.00035500947070144444","1522","Agriculture"
"Sausages","72721652","0.14758656573916343","1601","Agriculture"
"Other prepared or preserved meat","32752450","0.06647018435504824","1602","Agriculture"
"Extracts and juices of meat or fish","3732","0.000007573989976720521","1603","Agriculture"
"Prepared or preserved fish","110981521","0.22523390344458682","1604","Agriculture"
"Prepared aquatic invertibrates","1718592","0.00348783456111256","1605","Agriculture"
"Sugarcane & sucrose","226474691","0.45962407277997785","1701","Agriculture"
"Other sugars","12373881","0.025112446588191988","1702","Agriculture"
"Molasses","46954","0.00009529183423551322","1703","Agriculture"
"Confectionery sugar","63738232","0.1293549652470223","1704","Agriculture"
"Cocoa beans","175916","0.0003570166186347179","1801","Agriculture"
"Cocoa residues","1267","0.0000025713411844868438","1802","Agriculture"
"Cocoa paste","68326","0.0001386657125266362","1803","Agriculture"
"Cocoa butter","25052","0.000050842335717256836","1804","Agriculture"
"Cocoa powder","2053563","0.004167648868854267","1805","Agriculture"
"Chocolates","38136096","0.07739614385188949","1806","Agriculture"
"Malt extract","220900846","0.4483121097141167","1901","Agriculture"
"Pasta","56177325","0.11401031523820233","1902","Agriculture"
"Tapioca","3682792","0.0074741237123115015","1903","Agriculture"
"Cereal foods","15993427","0.03245821430638032","1904","Agriculture"
"Bakery products","123065903","0.2497588198815809","1905","Agriculture"
"Pickled fruits and vegetables","1457932","0.0029588323565755905","2001","Agriculture"
"Tomatoes, prepared or preserved","47306197","0.0960066082301089","2002","Agriculture"
"Mushrooms, prepared or preserved","1456936","0.00295681100233743","2003","Agriculture"
"Other vegetables, frozen","9453239","0.019185085057219595","2004","Agriculture"
"Other vegetables, prepared or preserved","24772341","0.05027477557178532","2005","Agriculture"
"Vegetables, fruits and nuts, preserved by sugar","165616","0.00033611305573004983","2006","Agriculture"
"Jams, jellies and marmalades","4521000","0.00917524348466063","2007","Agriculture"
"Fruits and nuts, otherwise prepared","9682477","0.019650317188592437","2008","Agriculture"
"Fruit juices","40694427","0.0825882053071771","2009","Agriculture"
"Coffee extracts","11908469","0.024167905906775738","2101","Agriculture"
"Yeasts","40772023","0.08274568422631794","2102","Agriculture"
"Sauces and seasonings","79408892","0.16115813292349473","2103","Agriculture"
"Soups and broths","23772929","0.048246496774728996","2104","Agriculture"
"Ice cream","6446707","0.013083412165287788","2105","Agriculture"
"Food preparations n.e.c.","138257299","0.28058933462873853","2106","Agriculture"
"Waters","3224813","0.006544668097212764","2201","Agriculture"
"Waters, flavored or sweetened","142152134","0.28849379369920486","2202","Agriculture"
"Beer","66533526","0.13502793650586126","2203","Agriculture"
"Wine","116405262","0.2362412346263468","2204","Agriculture"
"Wine, flavored","3142676","0.0063779733451447326","2205","Agriculture"
"Other fermented beverages","2832741","0.005748968901566256","2206","Agriculture"
"Ethyl alcohol > 80%","90403263","0.1834709024182286","2207","Agriculture"
"Spirits < 80% alcohol","71039786","0.1441732655713748","2208","Agriculture"
"Vinegars","1648436","0.0033454549145941234","2209","Agriculture"
"Flours of fish, for animal feed","338446","0.000686866723381874","2301","Agriculture"
"Cereal residues","9880357","0.020051909133017267","2302","Agriculture"
"Starch residues","88136","0.00017886955535590564","2303","Agriculture"
"Solid soybean residues","17036607","0.0345753190394766","2304","Agriculture"
"Solid peanut residues","33768","0.00006853121477328471","2305","Agriculture"
"Solid vegetable oil and fat residues","106628","0.00021639855392222823","2306","Agriculture"
"Vegetable materials for animal feeding","284244","0.0005768652751722797","2308","Agriculture"
"Animal feed","46225935","0.09381424661161156","2309","Agriculture"
"Unmanufactured tobacco","18582321","0.03771230251827526","2401","Agriculture"
"Cigars and cigarettes","95667173","0.19415386104051127","2402","Agriculture"
"Other manufactured tobacco","21549496","0.04373410147571784","2403","Agriculture"
"Salt","15352120","0.031156699625244012","2501","Minerals"
"Unroasted iron pyrites","2396903","0.004864447828824048","2502","Minerals"
"Sulphur, crude","193835677","0.3933841036250902","2503","Minerals"
"Natural graphite","530930","0.0010775076362112075","2504","Minerals"
"Natural sands","2686841","0.005452868918285569","2505","Minerals"
"Quartz","398124","0.0008079815609570956","2506","Minerals"
"Kaolin","192376","0.00039042172983965356","2507","Minerals"
"Clays","3951666","0.008019796000896912","2508","Minerals"
"Chalk","985137","0.0019993080824481577","2509","Minerals"
"Natural calcium phosphates","21500","0.00004363365072333634","2510","Minerals"
"Natural barium sulfate","5734421","0.011637847582072794","2511","Minerals"
"Siliceous fossil meals and earths","1701566","0.003453280768683931","2512","Minerals"
"Natural abrasives","672762","0.001365351726880614","2513","Minerals"
"Marble","714427","0.0014499096830381864","2515","Minerals"
"Granite","329261","0.0006682260218984394","2516","Minerals"
"Gravel","2205230","0.0044754528178894415","2517","Minerals"
"Dolomite","1495772","0.0030356275818486625","2518","Minerals"
"Natural magnesia","74775490","0.1517547727128525","2519","Minerals"
"Gypsum","18710025","0.03797147422673911","2520","Minerals"
"Limstone","355186","0.0007208400867822763","2521","Minerals"
"Quicklime","55886282","0.11341965158204086","2522","Minerals"
"Cements","204480975","0.4149884391961521","2523","Minerals"
"Asbestos","85769","0.00017406579483208532","2524","Minerals"
"Mica","66134","0.00013421710962498257","2525","Minerals"
"Natural steatite","1661547","0.003372063323646852","2526","Minerals"
"Natural borates","33764","0.00006852309688477805","2528","Minerals"
"Feldspar","105340","0.00021378459382308135","2529","Minerals"
"Mineral substances n.e.c.","415507","0.0008432598749349448","2530","Minerals"
"Iron ores and concentrates","2888610","0.005862353479811004","2601","Minerals"
"Manganese > 47% by weight","203311","0.0004126140075447551","2602","Minerals"
"Copper ore","17508137","0.0355322760313638","2603","Minerals"
"Aluminum ore","604188","0.0012261827052665645","2606","Minerals"
"Tin ore","351249","0.000712850055019589","2609","Minerals"
"Chromium ore","54440","0.00011048446257574094","2610","Minerals"
"Uranium ore","3111","0.000006313687786060434","2612","Minerals"
"Titanium ore","835998","0.0016966346389491965","2614","Minerals"
"Zirconium ore","553528","0.001123369647329624","2615","Minerals"
"Precious metal ores","33421","0.00006782698794533133","2616","Minerals"
"Other ores","9349","0.000018973534912207972","2617","Minerals"
"Granulated iron or steel slag","123268","0.00025016897010996387","2618","Minerals"
"Iron or steel slag","176252","0.00035769852126927795","2619","Minerals"
"Slag, ash and residues containing metals","181373","0.00036809144802993864","2620","Minerals"
"Other slag and ash","2632320","0.0053422200684675675","2621","Minerals"
"Coal","66397075","0.13475101300470543","2701","Minerals"
"Lignite","24854","0.0000504405002361768","2702","Minerals"
"Peat","168993","0.0003429665831018036","2703","Minerals"
"Coke","28620574","0.05808465718220471","2704","Minerals"
"Non-petroleum gases","57653","0.0001170051565187214","2705","Minerals"
"Tar distilled from coal, lignite etc.","2827","0.000005737317702087062","2706","Minerals"
"Oils etc. from high temperature coal tar","5772372","0.011714868078751927","2707","Minerals"
"Pitch and pitch coke","1639737","0.003327800536564249","2708","Minerals"
"Petroleum oils, crude","592353","0.0012021639026474627","2709","Minerals"
"Petroleum oils, refined","2073369297","4.207845196548251","2710","Minerals"
"Petroleum gases","14674549","0.029781588166906257","2711","Minerals"
"Petroleum jelly","7479534","0.015179505773456684","2712","Minerals"
"Petroleum coke","53778403","0.10914176990515455","2713","Minerals"
"Bitumen and asphalt, natural","3706253","0.007521737157875232","2714","Minerals"
"Bituminous mixtures","5975737","0.012127591677791521","2715","Minerals"
"Electrical energy","42873314","0.08701019574083375","2716","Minerals"
"Iodine","1279475","0.002596658849267012","2801","Chemicals"
"Sulfur, sublimed or precipitated","824888","0.0016740872036219287","2802","Chemicals"
"Carbon","236302","0.0004795683224756197","2803","Chemicals"
"Silicon & rare gases","5664596","0.011496139690828286","2804","Chemicals"
"Rare-earth metals","266637","0.0005411323594380573","2805","Chemicals"
"Hydrochloric acid","1875053","0.003805367799522975","2806","Chemicals"
"Sulfiric acid, oleum","56004023","0.11365860365970673","2807","Chemicals"
"Sulfonitric acids","391374","0.0007942826241020948","2808","Chemicals"
"Phosphoric acid etc.","13596715","0.027594154106732466","2809","Chemicals"
"Oxides of boron; boric acids","303457","0.0006158575231419291","2810","Chemicals"
"Other inorganic acids","6307015","0.012799911144969447","2811","Chemicals"
"Halides of nonmetals","56901","0.00011547899347946794","2812","Chemicals"
"Sulfides of nonmetals","2231","0.000004527752314593645","2813","Chemicals"
"Ammonia","917819","0.0018626880778252017","2814","Chemicals"
"Sodium hydroxide","26180149","0.053131882667483865","2815","Chemicals"
"Hydroxides or peroxides of magnesium","87273","0.0001771181209105922","2816","Chemicals"
"Zinc oxide or peroxide","268632","0.0005451811563307575","2817","Chemicals"
"Aluminum oxide","5657666","0.011482075448990483","2818","Chemicals"
"Chromium oxides and hydroxides","62167","0.00012616619369849535","2819","Chemicals"
"Manganese oxides","17978","0.00003648584989321584","2820","Chemicals"
"Iron oxides and hydroxides","892627","0.0018115616160102113","2821","Chemicals"
"Cobalt oxides and hydroxides","41615746","0.08445799653744564","2822","Chemicals"
"Titanium oxides","1005781","0.002041204505031067","2823","Chemicals"
"Lead oxides","357724","0.0007259908870397567","2824","Chemicals"
"Metal base oxides, n.e.c.","1179053","0.002392855199362878","2825","Chemicals"
"Flourides","1706829","0.0034639618804865784","2826","Chemicals"
"Chlorides, bromides, iodides etc.","10442763","0.02119329643388744","2827","Chemicals"
"Hyopchlorites","6911069","0.014025821900971038","2828","Chemicals"
"Sodium chlorate","638568","0.0012959559569813693","2829","Chemicals"
"Sulfides; polysulfides","24543695","0.04981074488791146","2830","Chemicals"
"Dithionites and sulfoxylates","242983","0.0004931272257538806","2831","Chemicals"
"Sulfites","29999795","0.060883747758218226","2832","Chemicals"
"Sulfates","24834686","0.05040130301152237","2833","Chemicals"
"Nitrites, nitrates","2750038","0.005581125468274531","2834","Chemicals"
"Phosphates","10438629","0.0211849065961158","2835","Chemicals"
"Carbonates","27615155","0.056044187346083484","2836","Chemicals"
"Cyanides","14280486","0.02898184829225555","2837","Chemicals"
"Silicates","5026433","0.010201005670058216","2839","Chemicals"
"Borates","709104","0.001439106802907939","2840","Chemicals"
"Salts of oxometallic acids","345663","0.0007015134237200283","2841","Chemicals"
"Other salts of acids","1604915","0.0032571302581694576","2842","Chemicals"
"Compounds of precious metals","50980","0.00010346248901747379","2843","Chemicals"
"Uranium","1444339","0.0029312457419578084","2844","Chemicals"
"Non-radioactive isotopes","9113","0.000018494579490314607","2845","Chemicals"
"Compounds of rare-earth metals","3468","0.000007038209335280485","2846","Chemicals"
"Hydrogen peroxide","1513920","0.0030724584420034114","2847","Chemicals"
"Carbides","2492285","0.005058022939209782","2849","Chemicals"
"Hydrides, nitrides, azides, silicides and borides","24589","0.000049902690122610105","2850","Chemicals"
"Inorganic compounds, liquid or compressed air","200496","0.00040690104350818803","2851","Chemicals"
"Acyclic hydrocarbons","2452638","0.004977560457803822","2901","Chemicals"
"Cyclic hydrocarbons","1655969","0.0033607429281243047","2902","Chemicals"
"Halogenated derivatives of hydrocarbons","5426544","0.011013019792130997","2903","Chemicals"
"Sulfonated, nitrated derivatives of hydrocarbons","2511533","0.005097086218703865","2904","Chemicals"
"Acyclic alcohols","36617313","0.07431381608693409","2905","Chemicals"
"Cyclic alcohols","1927022","0.003910837436473723","2906","Chemicals"
"Phenols, phenol-alcohols","8508270","0.017267296811155387","2907","Chemicals"
"Derivatives of phenols","172707","0.00035050404258024414","2908","Chemicals"
"Ethers","5586476","0.011337597328293073","2909","Chemicals"
"Epoxides","97525","0.00019792426915318028","2910","Chemicals"
"Acetals and hemiacetals","1046","0.0000021228278444934793","2911","Chemicals"
"Aldehydes","4954926","0.010055884206696652","2912","Chemicals"
"Ketones and quinones","1518440","0.003081631656015945","2914","Chemicals"
"Saturated acyclic monocarboxylic acids","10672533","0.02165960824443167","2915","Chemicals"
"Unsaturated acyclic monocarboxylic acids","2438276","0.004948413179120634","2916","Chemicals"
"Polycarboxylic acids","1956893","0.003971459798369386","2917","Chemicals"
"Carboxylic acids with additional oxygen function","7263861","0.014741803431482075","2918","Chemicals"
"Phosporic esters","183977","0.00037337619344777903","2919","Chemicals"
"Esters of other inorganic acids of nonmetals","186303","0.000378096745614406","2920","Chemicals"
"Amine-function compounds","1225973","0.0024880780315460847","2921","Chemicals"
"Oxygen-function amino-compounds","10388592","0.02108335789931377","2922","Chemicals"
"Quaternary ammonium salts and hydroxides","9169021","0.018608272548322608","2923","Chemicals"
"Carboxyamide-function compounds","2287570","0.004642559552799186","2924","Chemicals"
"Carboxyimide-function compounds","690514","0.0014013789160732032","2925","Chemicals"
"Nitrile-function compounds","509471","0.0010339571938450646","2926","Chemicals"
"Diazo-, azo-, or azoxy-compounds","10860","0.000022040067295601518","2927","Chemicals"
"Organix derivatives of hydrazine","9648862","0.019582096483054534","2928","Chemicals"
"Isocyanates","24010499","0.04872863846786123","2929","Chemicals"
"Organo-sulfur compounds","11597990","0.023537797430360354","2930","Chemicals"
"Other organo-inorganic compounds","1427659","0.002897394146885006","2931","Chemicals"
"Heterocyclic compounds with oxygen hetero-atom(s) only","1239344","0.0025152141033517464","2932","Chemicals"
"Heterocyclic compounds with nitrogen hetero-atom(s) only","3902757","0.007920536548653765","2933","Chemicals"
"Nucleic acids and their salts","824815","0.001673939052156682","2934","Chemicals"
"Sulfonamides","2297799","0.004663319023182861","2935","Chemicals"
"Vitamins","6253300","0.012690898049685541","2936","Chemicals"
"Hormones","529568","0.0010747434951746872","2937","Chemicals"
"Glycosides","14013","0.00002843899291098196","2938","Chemicals"
"Vegetable alkaloids","1834476","0.003723017909039216","2939","Chemicals"
"Other sugars, chemically pure","199225","0.0004043215844351945","2940","Chemicals"
"Antibiotics","6957192","0.014119427243869291","2941","Chemicals"
"Other organic compounds","6687237","0.013571561095914954","2942","Chemicals"
"Heparin for therapeutic use","453351","0.0009200632180965234","3001","Chemicals"
"Serums and vaccines","440166095","0.8933048209062735","3002","Chemicals"
"Medicaments, not packaged","3596099","0.007298182685234376","3003","Chemicals"
"Medicaments, packaged","838914396","1.7025533833415194","3004","Chemicals"
"Wadding, gauze and bandages","11630092","0.023602947544570613","3005","Chemicals"
"Pharmaceutical goods","17349797","0.035210929414827376","3006","Chemicals"
"Animal or vegetable fertilizers","956729","0.0019416548382738068","3101","Chemicals"
"Nitrogenous fertilizers","82181746","0.16678556282781132","3102","Chemicals"
"Phosphatic fertilizers","1618405","0.0032845078371581925","3103","Chemicals"
"Potassic fertilizers","7187144","0.014586108418340578","3104","Chemicals"
"Mixed fertilizers","73749058","0.14967165757893364","3105","Chemicals"
"Vegetable tanning extracts","626018","0.0012704860817917007","3201","Chemicals"
"Synthetic tanning substances","981225","0.001991368787488637","3202","Chemicals"
"Coloring matter of animal or vegetable origin","530567","0.0010767709378292276","3203","Chemicals"
"Synthetic organic coloring matter","9592695","0.019468107122116038","3204","Chemicals"
"Color lakes","844796","0.0017144899347196114","3205","Chemicals"
"Other coloring matter","20828908","0.04227168821490725","3206","Chemicals"
"Prepared pigments","3638098","0.007383418485082256","3207","Chemicals"
"Paints and varnishes, nonaqueous","62513784","0.12686998216046935","3208","Chemicals"
"Paints and varnishes, aqueous","19861235","0.04030782283367921","3209","Chemicals"
"Other paints and varnishes","8025592","0.016287715264000108","3210","Chemicals"
"Prepared driers","839238","0.0017032101286395974","3211","Chemicals"
"Pigments, nonaqueous","2054115","0.004168769137468186","3212","Chemicals"
"Artists' colors","5228774","0.010611651089640104","3213","Chemicals"
"Glaziers' putty","21451647","0.04353551965759561","3214","Chemicals"
"Ink","24728659","0.050186124170348255","3215","Chemicals"
"Essential oils","2512074","0.005098184163124391","3301","Chemicals"
"Mixtures of odoriferous subtances","141277223","0.28671818621139067","3302","Chemicals"
"Perfumes","23105055","0.046891065107603526","3303","Chemicals"
"Make-up preparations","40772935","0.08274753510489746","3304","Chemicals"
"Hair products","17340115","0.03519128006569699","3305","Chemicals"
"Dental hygiene products","24753318","0.05023616892351973","3306","Chemicals"
"Toiletries","26591637","0.05396698609394173","3307","Chemicals"
"Soap","96022423","0.19487483101350966","3401","Chemicals"
"Cleaning products","142564471","0.2893306201474983","3402","Chemicals"
"Lubricants","18982070","0.03852358197143819","3403","Chemicals"
"Artificial and prepared waxes","4243296","0.008611650957196753","3404","Chemicals"
"Polishes and creams","3547994","0.0072005549285810684","3405","Chemicals"
"Candles","10399591","0.02110568006323498","3406","Chemicals"
"Modeling pastes","424515","0.0008615413598519592","3407","Chemicals"
"Casein","5870396","0.011913805054496313","3501","Chemicals"
"Albumins","95245","0.00019329707270438","3502","Chemicals"
"Gelatin","155023","0.00031461485749226833","3503","Chemicals"
"Peptones","226933","0.00046055419812087833","3504","Chemicals"
"Dextrins and other modified starches","4268648","0.008663102134552009","3505","Chemicals"
"Glues and adhesives","32414110","0.0657835327557118","3506","Chemicals"
"Enzymes","10660635","0.02163546158506859","3507","Chemicals"
"Propellant powders","1250960","0.002538788451575108","3601","Chemicals"
"Prepared explosives, except gunpowder","25787290","0.052334586277273665","3602","Chemicals"
"Detonators","9858711","0.02000797917936344","3603","Chemicals"
"Fireworks","647032","0.001313133409061477","3604","Chemicals"
"Matches","9054047","0.018374936020031218","3605","Chemicals"
"Ferrocerium and other pyrophoric alloys","215256","0.00043685605209779","3606","Chemicals"
"Photographic plates","2304614","0.004677149875726095","3701","Chemicals"
"Photographic film in rolls","576821","0.001170642141576074","3702","Chemicals"
"Photographic paper","1926696","0.00391017582856043","3703","Chemicals"
"Photographic film, not developed","86491","0.00017553107370753875","3704","Chemicals"
"Photographic film, developed","270804","0.0005495891697898779","3705","Chemicals"
"Motion-picture film","68068","0.0001381421087179562","3706","Chemicals"
"Chemical preparations for photographic uses","3154486","0.006401941410960667","3707","Chemicals"
"Artificial graphite","2865990","0.0058164468203058","3801","Chemicals"
"Activated carbon","5466692","0.011094499039072418","3802","Chemicals"
"Tall oil","44283","0.00008987111418518618","3803","Chemicals"
"Residual lyes","1133870","0.0023011575602636916","3804","Chemicals"
"Turpentines","773877","0.0015705618009685279","3805","Chemicals"
"Rosin and resin acids","171845","0.0003487546376070573","3806","Chemicals"
"Wood tar and oils","9323","0.000018920768636914637","3807","Chemicals"
"Insecticides, rodenticides, fungicides, etc.","187334916","0.38019099037346754","3808","Chemicals"
"Finishing agents","18308273","0.03715612974090647","3809","Chemicals"
"Pickling preparations for metal surfaces","973581","0.001975855502552396","3810","Chemicals"
"Anti-knock","31768574","0.0644734354369518","3811","Chemicals"
"Stabilizers for rubber or plastic","3087711","0.006266423409702491","3812","Chemicals"
"Preparations for fire extinguishers","2716858","0.0055137875831117265","3813","Chemicals"
"Organic composite solvents and thinners","12711929","0.02579850558166745","3814","Chemicals"
"Catalytic preparations","10545301","0.0214013944468116","3815","Chemicals"
"Refractory cements","8642302","0.017539311019236795","3816","Chemicals"
"Mixed alkylbenzenes","399277","0.0008103215423191424","3817","Chemicals"
"Chemical elements for electronics","326538","0.0006626997692975256","3818","Chemicals"
"Hydraulic fluids","12350217","0.02506442115978654","3819","Chemicals"
"Antifreezing preparation","4192263","0.008508080906156566","3820","Chemicals"
"Prepared culture media for micro-organisms","2360475","0.00479051821819383","3821","Chemicals"
"Diagnostic or laboratory reagents","94588989","0.19196571666509316","3822","Chemicals"
"Industrial monocarboxylic fatty acids","133623378","0.27118492112206255","3823","Chemicals"
"Polymers of ethylene","118460650","0.2404125872818322","3901","Chemicals"
"Polymers of propylene","125487520","0.2546734240845434","3902","Chemicals"
"Polymers of styrene","6663938","0.013524276424835743","3903","Chemicals"
"Polymers of vinyl chloride","32731524","0.06642771562132561","3904","Chemicals"
"Polymers of vinyl acetate","8710992","0.01767871545961754","3905","Chemicals"
"Acrylic polymers","56170414","0.11399628955633496","3906","Chemicals"
"Polyacetals","131358823","0.2665890698702586","3907","Chemicals"
"Polyamides","591873","0.0012011897560266628","3908","Chemicals"
"Amino-resins","18562141","0.03767134777075912","3909","Chemicals"
"Silicones in primary forms","5968269","0.012112435579949574","3910","Chemicals"
"Petroleum resins","4549572","0.009233229562263755","3911","Chemicals"
"Cellulose n.e.c.","7680586","0.015587535203467298","3912","Chemicals"
"Natural polymers","3218679","0.00653221931518779","3913","Chemicals"
"Ion-exchangers based on polymers","605685","0.0012292208250401847","3914","Chemicals"
"Plastic waste","3584745","0.0072751400587082","3915","Chemicals"
"Monofilament","3674743","0.00745778849116396","3916","Chemicals"
"Plastic tubes and fittings","122340374","0.24828637899899247","3917","Chemicals"
"Plastic floor coverings","15487191","0.031430822454865025","3918","Chemicals"
"Self-adhesive plastic sheets","33977943","0.06895728823997353","3919","Chemicals"
"Other plates of plastics, noncellular and not reinforced","134697274","0.27336436312100154","3920","Chemicals"
"Other plastic plates, sheets etc.","42778078","0.08681691693337852","3921","Chemicals"
"Baths, sinks etc.","13682949","0.02776916360610345","3922","Chemicals"
"Packing lids","195567497","0.3968987840434942","3923","Chemicals"
"Plastic household articles","83731681","0.16993111270845662","3924","Chemicals"
"Plastic builders' ware","25196852","0.05113630881374877","3925","Chemicals"
"Other articles of plastic","121450041","0.24647947299204082","3926","Chemicals"
"Natural rubber","1455614","0.0029541280401859764","4001","Chemicals"
"Synthetic rubber","2423352","0.004918125337102258","4002","Chemicals"
"Reclaimed rubber","92040","0.00018679261453841286","4003","Chemicals"
"Scrap of rubber","238347","0.00048371859297465327","4004","Chemicals"
"Compounded rubber","804281","0.0016322658715077056","4005","Chemicals"
"Unvulcanized rubber rods","658605","0.001336620489983392","4006","Chemicals"
"Vulcanized rubber thread and cord","3421660","0.006944163596930745","4007","Chemicals"
"Vulcanized rubber plates","4360418","0.008849346791616221","4008","Chemicals"
"Vulcanized rubber tubes","35467571","0.07198044674507595","4009","Chemicals"
"Conveyor belts of vulcanized rubber","17642245","0.03580444447932683","4010","Chemicals"
"New pneumatic tires of rubber","230675597","0.4681496944137252","4011","Chemicals"
"Used pneumatic tires of rubber","10660393","0.021634970452813936","4012","Chemicals"
"Rubber inner tubes","11844696","0.024038480380841814","4013","Chemicals"
"Rubber hygenic or pharmeceutical items","14434838","0.02929510137395083","4014","Chemicals"
"Vulcanized rubber articles of apparel","31448568","0.06382399217958568","4015","Chemicals"
"Other articles of vulcanized rubber","33670615","0.06833357463022927","4016","Chemicals"
"Hard rubber","441898","0.0008968196738298083","4017","Chemicals"
"Raw hides of bovines or equines","21521","0.00004367626963799634","4101","Agriculture"
"Raw skins of sheep or lambs","200443","0.00040679348148547467","4102","Agriculture"
"Other raw hides and skins","4597","0.000009329483366287309","4103","Agriculture"
"Tanned hides of bovines or equines","674330","0.0013685339391752275","4104","Agriculture"
"Tanned sheepskins","266988","0.0005418447041545172","4105","Agriculture"
"Tanned skins of other animals","166161","0.0003372191180390832","4106","Agriculture"
"Bovine leather further prepared","64121","0.0001301317822340023","4107","Agriculture"
"Patent leather","12571","0.00002551249410432842","4109","Agriculture"
"Waste of leather","167715","0.0003403729177239234","4110","Agriculture"
"Composition leather","2221355","0.004508178055931944","4111","Agriculture"
"Saddlery and harnesses","681330","0.0013827402440618952","4201","Agriculture"
"Trunks or cases","149956844","0.30433323510092253","4202","Agriculture"
"Leather apparel","3917985","0.007951441350198648","4203","Agriculture"
"Other articles of leather","790456","0.001604208419356537","4205","Agriculture"
"Other raw furskins","4325","0.000008777466947833938","4301","Agriculture"
"Other tanned furskins","10756","0.00002182900219442817","4302","Agriculture"
"Furskin apparel","84342","0.00017116973810733178","4303","Agriculture"
"Artificial fur","22257","0.00004516996112322311","4304","Agriculture"
"Fuel wood","325167","0.0006599173630118655","4401","Agriculture"
"Wood charcoal","217125","0.00044064913550253035","4402","Agriculture"
"Wood in the rough","967157","0.0019628181736106886","4403","Agriculture"
"Strips and other pieces of wood","360491","0.0007316064364142437","4404","Agriculture"
"Wood wool or flour","41828","0.00008488876011421918","4405","Agriculture"
"Wooden railway ties","50257","0.00010199518066989369","4406","Agriculture"
"Wood sawn lengthwise","3774675","0.007660597699726028","4407","Agriculture"
"Sheets for veneering for plywood","1041668","0.002114036171240759","4408","Agriculture"
"Wood shaped along its edges","704037","0.0014288234676421185","4409","Agriculture"
"Particle board and similar board","3757851","0.007626453860666985","4410","Agriculture"
"Fiberboard of wood","7366138","0.014949371752181176","4411","Agriculture"
"Plywood","10923470","0.02216887789148106","4412","Agriculture"
"Densified wood","354496","0.0007194397510148762","4413","Agriculture"
"Wooden frames","790637","0.0016045757538114638","4414","Agriculture"
"Packing boxes","2212604","0.004490418145351483","4415","Agriculture"
"Casks, barrels, etc. of wood","202050","0.0004100548431930282","4416","Agriculture"
"Wooden tools","1198524","0.002432371051141207","4417","Agriculture"
"Wood carpentry for construction","14363373","0.029150065148418586","4418","Agriculture"
"Wooden kitchenware","515702","0.0010466028346663254","4419","Agriculture"
"Wood marquetry, ornaments, etc.","604666","0.0012271527929431111","4420","Agriculture"
"Other articles of wood","4710996","0.009560835070838818","4421","Agriculture"
"Natural cork, raw","100246","0.00020344646280984067","4501","Agriculture"
"Natural cork, debacked","23997","0.00004870124262362335","4502","Agriculture"
"Articles of natural cork","981239","0.0019913972000984103","4503","Agriculture"
"Agglomerated cork","615985","0.0012501243879448527","4504","Agriculture"
"Products of plaiting materials","1317797","0.0026744322801051375","4601","Agriculture"
"Basketwork","4354519","0.008837374935541015","4602","Agriculture"
"Mechanical woodpulp","7990","0.000016215482292067784","4701","Agriculture"
"Chemical woodpulp, dissolving grade","2797","0.000005676433538287058","4702","Agriculture"
"Chemical woodpulp, soda or sulfate","20118408","0.04082974826891049","4703","Agriculture"
"Chemical woodpulp, sulfite","6718","0.000013633993746947605","4704","Agriculture"
"Semichemical woodpulp","16548","0.00003358370475208231","4705","Agriculture"
"Pulps of recovered paper fibers","28773","0.000058394001500584024","4706","Agriculture"
"Paper waste","1870312","0.0037957460721704476","4707","Agriculture"
"Newsprint","7498111","0.015217207277153774","4801","Agriculture"
"Paper used for graphic purposes","53786745","0.10915869976163523","4802","Agriculture"
"Tissue","16549163","0.03358606502816563","4803","Agriculture"
"Uncoated kraft paper and paperboard","28852483","0.05855531003362787","4804","Agriculture"
"Other uncoated paper and paperboard","27615267","0.05604441464696168","4805","Agriculture"
"Transparent paper","564474","0.0011455842492281189","4806","Agriculture"
"Uncoated composite paper","328649","0.0006669839849569193","4807","Agriculture"
"Corrugated paper and paperboard","1466658","0.002976541530352885","4808","Agriculture"
"Carbon paper","2828724","0.005740816512033436","4809","Agriculture"
"Paper and paperboard, coated with kaolin","14343415","0.02910956094371457","4810","Agriculture"
"Cellulose wadding, coated","40122540","0.08142757658107401","4811","Agriculture"
"Filter blocks of paper pulp","574936","0.001166816586617307","4812","Agriculture"
"Cigarette paper","2694139","0.005467680005865983","4813","Agriculture"
"Wallpaper","3324600","0.006747183032316464","4814","Agriculture"
"Other carbon paper","3564016","0.007233071130994525","4816","Agriculture"
"Letterstock","3936200","0.007988408184985883","4817","Agriculture"
"Toilet paper","94528086","0.19184211572416277","4818","Agriculture"
"Cardboard packing containers","66375613","0.1347074564739229","4819","Agriculture"
"Notebooks","51965473","0.10546247900255651","4820","Agriculture"
"Paper labels","21555837","0.04374697035847303","4821","Agriculture"
"Bobbins, spools, cops of paper","380512","0.0007722384978622398","4822","Agriculture"
"Other paper cut to size","13493449","0.02738457863810009","4823","Agriculture"
"Books, brochures etc.","37329390","0.07575895651047461","4901","Agriculture"
"Newspapers, journals and periodicals","2068614","0.004198194453832729","4902","Agriculture"
"Children's books","1725360","0.003501570028465841","4903","Agriculture"
"Music, printed or in manuscript","113835","0.0002310249595391159","4904","Agriculture"
"Maps","127245","0.0002582401807577178","4905","Agriculture"
"Architectural, engineering, etc. drawings","37414","0.00007593067014711189","4906","Agriculture"
"Unused stamps","301293047","0.611465840845012","4907","Agriculture"
"Transfers (decalcomanias)","1857010","0.0037687500339415258","4908","Agriculture"
"Printed or illustrated postcards","833820","0.0016922144486573166","4909","Agriculture"
"Calendars","1727262","0.003505430084450761","4910","Agriculture"
"Other printed matter","24251259","0.04921725417707753","4911","Agriculture"
"Woven silk fabrics","94113","0.00019099971025699313","5007","Textiles"
"Wool","4968","0.000010082417525280694","5101","Textiles"
"Wool or animal hair waste","121771","0.0002471308503363437","5103","Textiles"
"Wool, combed","2677","0.000005432896883087041","5105","Textiles"
"Yarn of carded wool, not for retail sale","87108","0.00017678325800969216","5106","Textiles"
"Yarn of combed wool, not for retail sale","37804","0.00007672216427651195","5107","Textiles"
"Yarn of wool or animal hair, for retail sale","60147","0.0001220666600026284","5109","Textiles"
"Woven fabrics of carded wool","37868","0.00007685205049261862","5111","Textiles"
"Woven fabrics of combed wool","140606","0.00028535595784211297","5112","Textiles"
"Woven fabrics of coarse animal hair","6556","0.000013305219262427583","5113","Textiles"
"Raw cotton","1926049","0.003908862760094475","5201","Textiles"
"Cotton waste","58217","0.00011814977879816146","5202","Textiles"
"Cotton, carded or combed","46081","0.0000935201050689331","5203","Textiles"
"Cotton sewing thread","723461","0.0014682439342304943","5204","Textiles"
"Cotton yarn of > 85%","269849","0.000547651023908911","5205","Textiles"
"Cotton yarn of < 85%","232239","0.00047132257722497245","5206","Textiles"
"Cotton yarn for retail sale","236164","0.00047928825532213965","5207","Textiles"
"Woven fabrics of cotton of > 85% weighing < 200 g/m2","93027588","0.18879689685704346","5208","Textiles"
"Woven fabrics of cotton of < 85% weighing > 200 g/m2","5173250","0.010498966679279055","5209","Textiles"
"Woven fabrics of cotton of < 85% weighing < 200 g/m2","2391911","0.004854316703967728","5210","Textiles"
"Woven fabrics of cotton of < 85% weighing > 200 g/m2","3236788","0.006568971025929599","5211","Textiles"
"Other woven cotton fabrics","1033747","0.0020979607225254313","5212","Textiles"
"Flax, raw or processed","25404","0.00005155670990584355","5301","Textiles"
"Textile bast fibers","157003","0.0003186332123030686","5303","Textiles"
"Vegetable textile fibers","3773692","0.007658602728625514","5305","Textiles"
"Flax yarn","17985","0.00003650005619810251","5306","Textiles"
"Yarn of textile bast fibers","3974","0.000008065122231373889","5307","Textiles"
"Yarn of other vegetable textile fibers","107394","0.00021795312957125502","5308","Textiles"
"Woven fabrics of flax","118141","0.00023976386651654316","5309","Textiles"
"Woven fabrics of jute or of other textile bast fibers","139961","0.00028404694832041285","5310","Textiles"
"Woven fabrics of vegetable textile fibers","567741","0.0011522145346659393","5311","Textiles"
"Synthetic sowing thread","4353535","0.008835377934968375","5401","Textiles"
"Synthetic filament yarn","13024853","0.026433576117432533","5402","Textiles"
"Artificial filament yarn","1993312","0.004045371143750465","5403","Textiles"
"Synthetic monofilament >67 dtex, thickness < 1mm","1840262","0.0037347604347641103","5404","Textiles"
"Artificial monofilament >67dtex t<1mm, strip, straws t<5mm","3122","0.0000063360119794537694","5405","Textiles"
"Synthetic filament yarn for retail sale","241115","0.000489336171821267","5406","Textiles"
"Woven fabrics of synthetic filament yarn","121222847","0.24601838910169488","5407","Textiles"
"Woven fabrics of artificial filament yarn","71226","0.00014455118169396993","5408","Textiles"
"Synthetic filament tow","22556261","0.045777302981321544","5501","Textiles"
"Artificial filament tow","1335012","0.0027093696427657066","5502","Textiles"
"Synthetic staple fibers","3825649","0.0077640480119107414","5503","Textiles"
"Artificial staple fibers, not processed for spinning","11950","0.000024252191913668338","5504","Textiles"
"Waste of man-made fibers","32645","0.0000662521175750379","5505","Textiles"
"Synthetic staple fibers, processed","1853989","0.003762618998646866","5506","Textiles"
"Synthetic staple fibers sewing thread","3329519","0.006757166005707538","5508","Textiles"
"Yarn of synthetic staple fibers, not for retail sale","2820555","0.005724237754230694","5509","Textiles"
"Yarn of artificial staple fibers, not for retail sale","471579","0.0009570564360214059","5510","Textiles"
"Yarn of synthetic staple fibers, for retail sale","2861609","0.005807555702918873","5511","Textiles"
"Woven fabrics of > 85% synthetic staple fibers","31852431","0.06464362088107771","5512","Textiles"
"Woven fabrics of < 85% synthetic staple fibers weighing < 170 g/m2","8255142","0.016753580590676474","5513","Textiles"
"Woven fabrics of < 85% synthetic staple fibers weighing > 170 g/m2","4415731","0.008961602983358543","5514","Textiles"
"Other woven fabrics of synthetic staple fibers","12440718","0.02524809041672202","5515","Textiles"
"Woven fabrics of artificial staple fibers","8901427","0.018065197984059332","5516","Textiles"
"Wadding of textile materials","7128423","0.014466935785590575","5601","Textiles"
"Felt","1436122","0.002914569569492987","5602","Textiles"
"Nonwoven textiles","38866632","0.07887874630141616","5603","Textiles"
"Rubber textiles","871121","0.0017679157884541148","5604","Textiles"
"Metallised yarn","105475","0.0002140585725601814","5605","Textiles"
"Gimp yarn","9016","0.000018297720694027925","5606","Textiles"
"Twine and ropes of baste fibers","14685840","0.02980450293668845","5607","Textiles"
"Nets","17008513","0.034518303049550024","5608","Textiles"
"Articles of yarn, rope etc not elsewhere clasified","2294036","0.0046556821195702135","5609","Textiles"
"Carpets, knotted","562740","0.0011420651445604784","5701","Textiles"
"Woven carpets and rugs","17674795","0.035870503797049834","5702","Textiles"
"Carpets, tufted","4962584","0.010071425904242667","5703","Textiles"
"Carpets of felt","330682","0.0006711099017904329","5704","Textiles"
"Other carpets","5249264","0.010653234973515507","5705","Textiles"
"Woven pile fabrics","1338550","0.002716549915149854","5801","Textiles"
"Terry cloth","242311","0.0004917634204847605","5802","Textiles"
"Gauze","143437","0.0002911013934327067","5803","Textiles"
"Lace and net fabrics","3731597","0.0075731720994534745","5804","Textiles"
"Hand-woven tapestries","27627","0.00005606822644342385","5805","Textiles"
"Narrow woven fabrics","3451599","0.007004923962931022","5806","Textiles"
"Labels and badges of textiles","2419635","0.004910581789207438","5807","Textiles"
"Braids in piece","422201","0.0008568451613508523","5808","Textiles"
"Woven fabric incorporating metal threads","32821","0.00006660930466933125","5809","Textiles"
"Embroidery in the piece","5160907","0.010473916904819606","5810","Textiles"
"Quilted textile products","168272","0.00034150333369847684","5811","Textiles"
"Stiffened textiles","933860","0.0018952428402090639","5901","Textiles"
"Tire cord fabric","94446","0.00019167552447517318","5902","Textiles"
"Textile fabrics impregnated with plastics","13110340","0.0266070696011249","5903","Textiles"
"Linoleum","229273","0.0004653031628972787","5904","Textiles"
"Textile wall coverings","95146","0.00019309615496383993","5905","Textiles"
"Rubberized textile fabrics","1380608","0.0028019054538532063","5906","Textiles"
"Other textile fabrics impregnated, coated or covered","1511982","0.003068525325021931","5907","Textiles"
"Textile wicks","23671","0.000048039634710329974","5908","Textiles"
"Textile hosepiping and similar tubing","1621555","0.0032909006743571936","5909","Textiles"
"Transmission belts or belting, of textile material","695615","0.0014117312533913305","5910","Textiles"
"Textile articles for technical use","8613845","0.017481558330928237","5911","Textiles"
"Pile fabrics, knit","3978394","0.008074039731898464","6001","Textiles"
"Other knitted fabrics","49998778","0.10147112631840154","6002","Textiles"
"Men's overcoats, knit","627266","0.001273018863005781","6101","Textiles"
"Women's overcoats, knit","996793","0.0020229636095565858","6102","Textiles"
"Men's suits, knit","48836974","0.09911327748375154","6103","Textiles"
"Women's suits, knit","215213266","0.4367693246359291","6104","Textiles"
"Men's shirts, knit","6080402","0.012340006377929104","6105","Textiles"
"Women's shirts, knit","868305","0.0017622007949454213","6106","Textiles"
"Men's undergarments, knit","5464779","0.011090616658894104","6107","Textiles"
"Women's undergarments, knit","12139666","0.02463711377404472","6108","Textiles"
"T-shirts, knit","60633482","0.12305396166175352","6109","Textiles"
"Sweaters, pullovers, sweatshirts etc., knit","24238052","0.049190450938700635","6110","Textiles"
"Babies' garments, knit","3137472","0.006367411972197558","6111","Textiles"
"Activewear, knit","3030433","0.0061501793052312695","6112","Textiles"
"Garments knit with impregnated fibers","2385573","0.004841453909628914","6113","Textiles"
"Other garments, knit","5885282","0.011944015776573875","6114","Textiles"
"Socks, stockings, etc., knit","5558959","0.011281752343783582","6115","Textiles"
"Gloves, knit","4645459","0.009427829556073455","6116","Textiles"
"Other clothing accesories, knit","6606018","0.013406729399259201","6117","Textiles"
"Men's overcoats, not knit","3722762","0.007555241713214374","6201","Textiles"
"Womens overcoats, not knit","774579","0.0015719864904014482","6202","Textiles"
"Men's suits and pants","72322269","0.14677602907279882","6203","Textiles"
"Women's suits and pants","354729645","0.7199139270299112","6204","Textiles"
"Men's shirts","9541903","0.01936502617385838","6205","Textiles"
"Women's shirts","2319047","0.004706441246930277","6206","Textiles"
"Men's undergarments","2898106","0.005881625347125831","6207","Textiles"
"Women's undergarments","1512482","0.003069540061085265","6208","Textiles"
"Babies' garments","2768390","0.00561837034074312","6209","Textiles"
"Garments made of textile felts and nonwoven fabric","22315280","0.045288238758765254","6210","Textiles"
"Activewear","23474518","0.04764087996793823","6211","Textiles"
"Brassieres","3778020","0.0076673862839897276","6212","Textiles"
"Handkerchiefs","129699","0.00026322050535655813","6213","Textiles"
"Shawls, scarves, etc.","1721490","0.0034937159713356405","6214","Textiles"
"Ties, bow ties and cravats","429923","0.0008725167451129734","6215","Textiles"
"Gloves","1249724","0.002536280024026548","6216","Textiles"
"Other clothing accesories","2885773","0.00585659586738765","6217","Textiles"
"Blankets","13977095","0.028366124714273987","6301","Textiles"
"House linen","27858826","0.05653871084866052","6302","Textiles"
"Curtains","14616434","0.029663645394265015","6303","Textiles"
"Other furnishing articles","69108230","0.1402532265082788","6304","Textiles"
"Bags for packing goods","52222307","0.10598371644673685","6305","Textiles"
"Tents, tarpaulins, etc.","17558613","0.03563471566642944","6306","Textiles"
"Other made up articles","87477271","0.17753268321137855","6307","Textiles"
"Needlecraft sets of woven fabric and yarn","140131","0.00028439195858194624","6308","Textiles"
"Used clothes and textiles","326506630","0.662636104756912","6309","Textiles"
"Used or new rags textile scraps","4833594","0.009809644294623915","6310","Textiles"
"Waterproof footwear","9463348","0.019205600990948066","6401","Textiles"
"Other footwear of rubber or plastics","313131182","0.6354910058592308","6402","Textiles"
"Leather footwear","83852121","0.17017554233139237","6403","Textiles"
"Textile footwear","25823549","0.052408172907114484","6404","Textiles"
"Other footwear","14190158","0.028798530133997996","6405","Textiles"
"Parts of footwear","6119461","0.012419275529724582","6406","Textiles"
"Hat forms","59045","0.00011983018171904157","6501","Textiles"
"Hat shapes","45192","0.00009171590434832631","6502","Textiles"
"Hats","395803","0.000803271156151102","6504","Textiles"
"Hats, knit","9072831","0.018413057624458527","6505","Textiles"
"Other headgear","9509239","0.019298735496312936","6506","Textiles"
"Headbands","162689","0.00033017279081529606","6507","Textiles"
"Umbrellas","11753272","0.023852937921133428","6601","Textiles"
"Walking sticks","94653","0.00019209562520539324","6602","Textiles"
"Parts of umbrellas or walking sticks","236560","0.0004800919262842997","6603","Textiles"
"Feathers or down","7638","0.000015501108103481065","6701","Textiles"
"Artificial flowers","7932815","0.016099426928504343","6702","Textiles"
"Human animal hair prepared for use in wigs","5841184","0.011854520114732122","6703","Textiles"
"Wigs","64974908","0.1318647647187401","6704","Textiles"
"Flagstones, of natural stone","156885","0.0003183937345921219","6801","Stone"
"Worked building stone","39187203","0.07952933621053385","6802","Stone"
"Worked slate","2436179","0.004944157376071014","6803","Stone"
"Grindstones","10161782","0.020623053326264473","6804","Stone"
"Natural or artificial abrasive powder","6342508","0.012871943199161233","6805","Stone"
"Mineral wools and insulating materials","4975605","0.010097851660803995","6806","Stone"
"Asphalt","8959553","0.018183163080893964","6807","Stone"
"Panels of vegetable fibers","1145990","0.0023257547624388935","6808","Stone"
"Plaster articles","14424344","0.02927380409345359","6809","Stone"
"Articles of cement, of concrete or of artificial stone","10220752","0.020742731297574014","6810","Stone"
"Asbestos-cement or cellulose fiber-cement","981474","0.0019918741260481774","6811","Stone"
"Asbestos fibres","358006","0.0007265631981794767","6812","Stone"
"Friction material and articles thereof","4118867","0.008359125769947729","6813","Stone"
"Mica articles","173722","0.0003525639567888109","6814","Stone"
"Articles of stone or of other mineral substances","1972539","0.004003212919263216","6815","Stone"
"Bricks, blocks, and other ceramic goods","2321840","0.004712109562580058","6901","Stone"
"Bricks, tiles and similar refractory ceramic constructional goods","7765492","0.01575984956385407","6902","Stone"
"Other refractory ceramic goods","2503328","0.005080434399904563","6903","Stone"
"Ceramic building bricks","80155793","0.16267394768437432","6904","Stone"
"Architectural ceramic ornaments","4261726","0.008649054128491221","6905","Stone"
"Ceramic pipes","4175996","0.008475067483072076","6906","Stone"
"Unglazed ceramic flags and pavers","103196754","0.20943493580549127","6907","Stone"
"Glazed ceramic flags and pavers","592001","0.001201449528458876","6908","Stone"
"Ceramic wares for technical ware","4847901","0.009838679952340137","6909","Stone"
"Ceramic sinks, washbasins, and similar sanitary fixtures","38144891","0.07741399305924353","6910","Stone"
"Porcelain or china household articles","69736697","0.1415286827673087","6911","Stone"
"Ceramic household articles","3743400","0.007597125958964522","6912","Stone"
"Ornamental ceramic articles","13693933","0.027791455327942756","6913","Stone"
"Other ceramic articles","3933187","0.007982293385468235","6914","Stone"
"Cullet and other scraps of glass","536265","0.001088334870006975","7001","Stone"
"Glass balls","128037","0.0002598475226820379","7002","Stone"
"Glass, cast or rolled","3304429","0.006706246550049468","7003","Stone"
"Drawn and blown glass","3796599","0.00770509184663107","7004","Stone"
"Float glass","24353427","0.04942460128531482","7005","Stone"
"Worked glass","2590232","0.005256803645600415","7006","Stone"
"Safety glass","13158068","0.026703932246786452","7007","Stone"
"Multiple-walled insulating glass","1918537","0.0038936173654789547","7008","Stone"
"Glass mirrors","10281192","0.020865392592909756","7009","Stone"
"Glass containers for conveyance","37202384","0.07550120137355516","7010","Stone"
"Glass envelopes","240809","0.0004887151533505069","7011","Stone"
"Glassware for interior decorative use","34807364","0.07064057504074564","7013","Stone"
"Signaling glassware","62558","0.0001269597173000221","7014","Stone"
"Clock or watch glasses and similar glasses","44704307","0.0907261449984558","7015","Stone"
"Glass paving blocks or other molded products","8910032","0.018082661591709296","7016","Stone"
"Laboratory, hygienic or pharmaceutical glassware","1506230","0.003056851801349344","7017","Stone"
"Glass beads","5471446","0.01110414714956259","7018","Stone"
"Glass fibers","5931024","0.01203684789059187","7019","Stone"
"Other articles of glass","2177589","0.004419356178836244","7020","Stone"
"Pearls","11371","0.000023077127552328254","7101","Stone"
"Diamonds","153315","0.00031114851909992144","7102","Stone"
"Precious stones","102247","0.00020750743653530094","7103","Stone"
"Synthetic precious stones","2725","0.000005530311545167048","7104","Stone"
"Diamond dust","18347","0.000037234725107955894","7105","Stone"
"Silver","17734","0.000035990658694309145","7106","Stone"
"Silver clad metals","2420","0.0000049113225465336716","7107","Stone"
"Gold","1466752","0.0029767323007327913","7108","Stone"
"Platinum","4043","0.000008205155808113898","7110","Stone"
"Platinum clad metals","9526","0.000019332751478627996","7111","Stone"
"Scrap of precious metal","3356","0.000006810908457093802","7112","Stone"
"Jewelry of precious metal","60784525","0.12336049922018165","7113","Stone"
"Goldsmith and silversmith wares","458741","0.0009310020728592575","7114","Stone"
"Other articles of precious metals","489235","0.0009928887958898349","7115","Stone"
"Articles of precious stones","71961","0.00014604284370707006","7116","Stone"
"Imitation jewelry","20148813","0.0408914543689218","7117","Stone"
"Coin","1727773","0.0035064671447074883","7118","Stone"
"Pig iron","65800","0.00013353926593467587","7201","Metals"
"Ferroalloys","18509720","0.03756496081240712","7202","Metals"
"Ferrous products from the reduction of iron ore","193367","0.0003924329367171803","7203","Metals"
"Ferrous waste and scrap","639191","0.0012972203181162826","7204","Metals"
"Powders of iron or steel","211093","0.0004284073596344762","7205","Metals"
"Iron and nonalloy steel","4057369","0.008234317293101973","7206","Metals"
"Semifinished products of iron or nonalloy steel","73266755","0.14869283708382589","7207","Metals"
"Flat-rolled iron, width > 600mm, hot-rolled, not clad","55721796","0.11308583182981394","7208","Metals"
"Flat-rolled iron, width > 600mm, cold-rolled, not clad","67243978","0.13646977903719593","7209","Metals"
"Flat rolled iron, width > 600mm, clad","199661152","0.40520674276218444","7210","Metals"
"Flat-rolled iron, width < 600mm, not clad","6150885","0.012483049661832958","7211","Metals"
"Flat-rolled iron, width < 600mm, clad","9805299","0.01989958101413391","7212","Metals"
"Hot rolled bars of iron","53747522","0.10907909777641096","7213","Metals"
"Other bars of iron, not further worked than forged","81062454","0.16451399091221017","7214","Metals"
"Other bars and rods of iron or nonalloy steel","3976214","0.008069615482662329","7215","Metals"
"Angles of iron or nonalloy steel","77768075","0.1578281405570337","7216","Metals"
"Wire of iron or nonalloy steel","36448407","0.07397102606790731","7217","Metals"
"Stainless steel in ingots","214062","0.00043443286237854987","7218","Metals"
"Flat-rolled products of stainless steel of a width > 600 mm","42619606","0.08649530242652137","7219","Metals"
"Flat-rolled products of stainless steel of a width < 600 mm","765871","0.0015543138471224335","7220","Metals"
"Bars of stainless steel, hot-rolled","45260","0.00009185390845293965","7221","Metals"
"Other bars and rods of stainless steel","5367079","0.010892337232118757","7222","Metals"
"Wire of stainless steel","682642","0.0013854029114920819","7223","Metals"
"Other alloy steel in primary form","98030","0.000198949152577147","7224","Metals"
"Flat-rolled products of other alloy steel, width > 600 mm","17281493","0.03507230835068753","7225","Metals"
"Flat-rolled products of other alloy steel, width < 600 mm","1652070","0.0033528300163024305","7226","Metals"
"Bars of other alloy steel","19345904","0.03926197293317187","7227","Metals"
"Other bars and rods of other alloy steel","8324526","0.01689439348471312","7228","Metals"
"Wire of other alloy steel","538751","0.0010933801377138684","7229","Metals"
"Sheet piling of iron or steel","3080595","0.006251981686049131","7301","Metals"
"Railway construction material of iron or steel","14329610","0.029081544081005935","7302","Metals"
"Tubes of cast iron","23600455","0.04789646559915426","7303","Metals"
"Tubes, seamless, of iron or steel","178275471","0.36180509926289656","7304","Metals"
"Other tubes and pipes, diameter > 406.4 mm, of iron or steel","27367245","0.05554106091116152","7305","Metals"
"Other tubes, pipes and hollow profiles of iron or steel","86046912","0.17462980948975154","7306","Metals"
"Tube or pipe fittings of iron or steel","73328392","0.14881792765729723","7307","Metals"
"Structures and their parts, of iron or steel","350207060","0.7107354668319298","7308","Metals"
"Tanks etc. > 300 liters, iron or steel","29822022","0.06052296240984428","7309","Metals"
"Tanks etc. < 300 liters, iron or steel","8079716","0.01639755841338382","7310","Metals"
"Containers for compressed or liquified gas","41183749","0.08358127066714197","7311","Metals"
"Wire of iron or steel, not insulated","17753716","0.036030671766758504","7312","Metals"
"Barbed wire of iron or steel","8062741","0.016363108124033653","7313","Metals"
"Cloth of iron or steel wire","37134322","0.07536307144166998","7314","Metals"
"Chain of iron or steel","14691924","0.02981685024510709","7315","Metals"
"Anchors of iron or steel","804930","0.0016335829989179123","7316","Metals"
"Nails and similar articles of iron or steel","40852859","0.08290973863514918","7317","Metals"
"Screws and similar articles of iron or steel","63289778","0.12844484035393006","7318","Metals"
"Articles for sewing of iron or steel","758784","0.0015399309781607459","7319","Metals"
"Springs of iron or steel","8536506","0.017324600986123952","7320","Metals"
"Stoves and similar non-electric appliances of iron or steel","49266421","0.0999848282001322","7321","Metals"
"Radiators for central heating of iron or steel","525460","0.00106640642367834","7322","Metals"
"Household articles of iron or steel","82617447","0.16766980586287217","7323","Metals"
"Sanitary ware and parts of iron or steel","12336822","0.025037236380649846","7324","Metals"
"Other cast articles of iron or steel","36632608","0.07434485686311146","7325","Metals"
"Other articles of iron or steel","159713075","0.32413323397674515","7326","Metals"
"Unrefined copper","35891324","0.07284044164716738","7402","Metals"
"Refined copper and copper alloys","219580581","0.44563266869680296","7403","Metals"
"Copper waste and scrap","850461","0.001725986894317179","7404","Metals"
"Master alloys of copper","2180","0.0000044242492361336375","7405","Metals"
"Copper powders and flakes","40151","0.00008148533535779894","7406","Metals"
"Copper bars, rods and profiles","4587728","0.009310666100728855","7407","Metals"
"Copper wire","6098336","0.012376402931048745","7408","Metals"
"Copper plates, sheets and strip > 0.15 mm","3277886","0.006652378271391351","7409","Metals"
"Copper foil < 0.15 mm thick","63720","0.0001293179639112089","7410","Metals"
"Copper tubes and pipes","4542114","0.009218093759143073","7411","Metals"
"Copper tube or pipe fittings","4900807","0.00994605120467357","7412","Metals"
"Copper wire, uninsulated","6820165","0.013841334766768519","7413","Metals"
"Screws and similar articles of copper","1329234","0.0026976433528178257","7415","Metals"
"Household articles of copper","605957","0.001229772841458638","7418","Metals"
"Other articles of copper","7816414","0.015863194343488197","7419","Metals"
"Nickel mattes","56143","0.0001139406536074545","7501","Metals"
"Nickel unwrought","26307","0.00005338932323622367","7502","Metals"
"Nickel waste and scrap","992","0.000002013236349653472","7503","Metals"
"Nickel powders","6915","0.000014033799755900966","7504","Metals"
"Nickel bars, wire etc.","188719","0.000382999950272433","7505","Metals"
"Nickel plates","109941","0.00022312219507787537","7506","Metals"
"Nickel tubes and pipes","1082004","0.002195896958941991","7507","Metals"
"Other articles of nickel","1558038","0.0031619946932876977","7508","Metals"
"Unwrought aluminum","2429060","0.004929709564001273","7601","Metals"
"Waste or scrap, aluminium","180899","0.0003671294782418986","7602","Metals"
"Aluminum powders","149834","0.0003040839266269943","7603","Metals"
"Aluminum bars","33744203","0.06848291942508643","7604","Metals"
"Aluminum wire","802421","0.0016284910533521054","7605","Metals"
"Aluminum plates > 0.2 mm","59735818","0.12123217759464129","7606","Metals"
"Aluminum foil < 0.2 mm","18401555","0.037345442959826204","7607","Metals"
"Aluminum tubes and pipes","3477248","0.007056977893507899","7608","Metals"
"Aluminum tube or pipe fittings","999940","0.0020293503583392065","7609","Metals"
"Aluminum structures (bridges, towers etc)","33857095","0.0687120305924101","7610","Metals"
"Aluminum containers, >300 liters","212095","0.0004304408907053963","7611","Metals"
"Aluminum containers, <300 liters","11759236","0.02386504169289687","7612","Metals"
"Aluminum containers for compressed or liquefied gas","386669","0.0007847339577461273","7613","Metals"
"Aluminum wire, not insulated","7697751","0.015622371092521535","7614","Metals"
"Household articles of aluminum","16815428","0.034126442423972565","7615","Metals"
"Other articles of aluminum","14508563","0.029444724206489338","7616","Metals"
"Lead refined unwrought","14466134","0.029358615733626997","7801","Metals"
"Lead waste or scrap","3244","0.00000658360757890712","7802","Metals"
"Lead foil <2mm","1267827","0.0025730195579355968","7804","Metals"
"Other articles of lead","9453076","0.019184754253262947","7806","Metals"
"Unwrought zinc","213148","0.00043257792485477644","7901","Metals"
"Zinc powders","1297847","0.0026339443111781345","7903","Metals"
"Zinx bars and wire","50503","0.00010249443081305373","7904","Metals"
"Zinc plates and foil","861131","0.0017476413619087134","7905","Metals"
"Other articles of zinc","6931970","0.014068239897890503","7907","Metals"
"Unwrought tin","1155825","0.0023457146208046616","8001","Metals"
"Tin waste and scrap","15780","0.00003202507015880221","8002","Metals"
"Tin bars and wire","60957","0.00012371053242522852","8003","Metals"
"Other articles of tin","2690226","0.005459738681434336","8007","Metals"
"Tungsten (wolfram)","122599","0.00024881125325722377","8101","Metals"
"Molybdenum","7940","0.000016114008685734442","8102","Metals"
"Magnesium","565191","0.001147039380742939","8104","Metals"
"Cobalt","606521","0.001230917463738078","8105","Metals"
"Cadmium","11860","0.00002406953942226832","8107","Metals"
"Titanium","1010960","0.0020517151411750746","8108","Metals"
"Zirconium","5402","0.000010963208428254087","8109","Metals"
"Antimony","127833","0.0002594335103681979","8110","Metals"
"Manganese","296257","0.0006012453238299281","8111","Metals"
"Other metals","86651","0.00017585578924780542","8112","Metals"
"Cermets","9317","0.000018908591804154634","8113","Metals"
"Handtools for gardening","27433056","0.05567462250128959","8201","Metals"
"Handsaws","12016550","0.02438725328369801","8202","Metals"
"Pliers, pincers and other metal handtools","7866944","0.015965743570048672","8203","Metals"
"Wrenches","8678430","0.017612631788229013","8204","Metals"
"Hand tools n.e.c.","30578770","0.062058761382755144","8205","Metals"
"Retail tool sets","4375745","0.008880452510901644","8206","Metals"
"Interchangeable tools for hand tools","36670409","0.0744215729389716","8207","Metals"
"Knives and blades for machines","4205681","0.00853531236315218","8208","Metals"
"Articles for utensils, of cermet","448402","0.0009100193605416492","8209","Metals"
"Hand-operated appliances, food preparation, <10kg","2050436","0.0041613027095141805","8210","Metals"
"Knife sets","6726976","0.013652210288756565","8211","Metals"
"Razors","10798784","0.021915831129895483","8212","Metals"
"Scissors","2294746","0.0046571230447801475","8213","Metals"
"Other cutlery","3548235","0.007201044031363596","8214","Metals"
"Cutlery","13019867","0.02642345716940897","8215","Metals"
"Padlocks and locks","45142957","0.0916163729468182","8301","Metals"
"Base metal mountings, fittings and similar articles","43515180","0.08831284489688888","8302","Metals"
"Safes","2292530","0.004652625734547454","8303","Metals"
"Paper trays and similar office equipment, of base metal","1437026","0.0029164042122954937","8304","Metals"
"Paper clips and similar office articles, of metal","1436394","0.0029151215859114406","8305","Metals"
"Ornaments, statuettes, etc. of metal","3754489","0.007619630775377131","8306","Metals"
"Flexible tubing of base metal","45644388","0.09263401318476486","8307","Metals"
"Clasps, buckles etc. of metal","2951770","0.005990534939331279","8308","Metals"
"Stoppers, caps and lids of metal","24058123","0.04882529004842161","8309","Metals"
"Sign plates and similar plates of base metal","4069080","0.008258084441177368","8310","Metals"
"Wire etc. used for welding","25291417","0.05132822584540702","8311","Metals"
"Nuclear reactors and related equipment","251766","0.0005109520794423952","8401","Machinery"
"Steam boilers","13607911","0.027616876076662626","8402","Machinery"
"Central heating boilers","829686","0.0016838246108856758","8403","Machinery"
"Auxiliary parts for use with boilers","3694037","0.0074969451263758695","8404","Machinery"
"Water gas generators","6474856","0.01314053977618133","8405","Machinery"
"Steam turbines","4262507","0.008650639146222149","8406","Machinery"
"Spark-ignition reciprocating internal combustion piston engines","23786085","0.04827319651002743","8407","Machinery"
"Compression-ignition internal combustion piston engines","45935899","0.09322562663388162","8408","Machinery"
"Parts suitable for use with spark-ignition engines","79337977","0.16101421290763215","8409","Machinery"
"Hydraulic turbines, water wheels and regulators","19244201","0.039055569529473484","8410","Machinery"
"Gas turbines","111327710","0.22593648437064548","8411","Machinery"
"Other engines and motors","47053849","0.09549447499788878","8412","Machinery"
"Pumps for liquids","299240866","0.6073009967066367","8413","Machinery"
"Pumps, compressors, fans, etc.","154583953","0.31372382384347164","8414","Machinery"
"Air conditioners","91850032","0.18640707977745422","8415","Machinery"
"Furnace burners","5617578","0.011400717970376664","8416","Machinery"
"Industrial furnaces","15225700","0.030900133758990794","8417","Machinery"
"Refrigerators, freezers","122429802","0.24846787063233602","8418","Machinery"
"Equipment for temperature change of materials","65653213","0.13324136580961882","8419","Machinery"
"Calendering or other rolling machines, other than for metals or glass","833499","0.0016915629881046564","8420","Machinery"
"Centrifuges","179331418","0.363948114266634","8421","Machinery"
"Dish washing machines","125505415","0.2547097414882501","8422","Machinery"
"Weighing machinery","13945763","0.02830253729360126","8423","Machinery"
"Sprays and powder dispersers","60308970","0.12239537360298464","8424","Machinery"
"Pulleys and winches","20215786","0.04102737420566105","8425","Machinery"
"Ships' derricks; cranes","61110811","0.12402268756250326","8426","Machinery"
"Fork-lift trucks","42112225","0.08546558682942104","8427","Machinery"
"Other lifting machinery","51117627","0.10374179917785056","8428","Machinery"
"Self-propelled bulldozers, excavators and road rollers","336505601","0.6829287376967618","8429","Machinery"
"Other moving, excavating or boring machinery","41940088","0.085116239585953","8430","Machinery"
"Parts for use with hoists and excavation machinery","332263989","0.6743205043706264","8431","Machinery"
"Machinery for soil preparation or cultivation","17825742","0.036176846526153814","8432","Machinery"
"Harvesting or agricultural machinery","12828739","0.0260355682207834","8433","Machinery"
"Dairy machinery","5544727","0.01125286889647686","8434","Machinery"
"Machines for wine and juice production","2433512","0.004938744773909193","8435","Machinery"
"Other agricultural machinery","18328159","0.03719648782361737","8436","Machinery"
"Machinery for processing grain","37892799","0.07690237937188783","8437","Machinery"
"Machinery for the industrial preparation of food or drink","88400923","0.1794072092001186","8438","Machinery"
"Machinery for making paper","6060781","0.012300186105331772","8439","Machinery"
"Bookbinding machinery","2174991","0.004414083610251164","8440","Machinery"
"Other machinery for making paper","18446612","0.03743688488543743","8441","Machinery"
"Machinery for making printing components","2856729","0.005797651878940739","8442","Machinery"
"Printers and copiers","61524062","0.12486136894832045","8443","Machinery"
"Machines to extrude, cut manmade textile fibres","1253485","0.0025439128686949417","8444","Machinery"
"Machines for preparing textile fibers","1595745","0.003238519998767923","8445","Machinery"
"Looms","2367157","0.004804079150944217","8446","Machinery"
"Knitting machines","707699","0.0014362553945699722","8447","Machinery"
"Auxiliary machinery for use with knitting and textile machines","8064396","0.016366466900403286","8448","Machinery"
"Machinery to manufacture felt","568060","0.001152861936274346","8449","Machinery"
"Household- or laundry-type washing machines","17386495","0.0352854069829318","8450","Machinery"
"Machinery for processing fabrics","5702539","0.011573143951730402","8451","Machinery"
"Sewing machines","11492006","0.0233227058564877","8452","Machinery"
"Machinery for preparing leather","822373","0.0016689830812233616","8453","Machinery"
"Machines used in metallurgy","3202225","0.006498826380815614","8454","Machinery"
"Metal-rolling mills","9215091","0.018701770329198147","8455","Machinery"
"Machines for working materials by laser and similar means","2130339","0.004323463620851238","8456","Machinery"
"Machining centers for working metal","221747","0.00045002935567198433","8457","Machinery"
"Lathes for removing metal","2258469","0.0045834998844410555","8458","Machinery"
"Machine tools for drilling by removing metal","2976789","0.006041310302468355","8459","Machinery"
"Machines with grinding stones for finishing metal","3016768","0.006122446568620368","8460","Machinery"
"Other machine tools for planing and cutting metals","2289845","0.004647176601887354","8461","Machinery"
"Machine tools for molding and forging metals","7576049","0.015375380275761932","8462","Machinery"
"Other machine tools for working metal, without removal","1183216","0.002401303891826192","8463","Machinery"
"Machine tools for working stone","7797159","0.015824116857689228","8464","Machinery"
"Machine tools for working wood","14947442","0.03033541690396874","8465","Machinery"
"Parts and accessories for metal working machines","15954861","0.032379945684343284","8466","Machinery"
"Tools for hand working, pneumatic, hydraulic motors","14415935","0.029256738262340445","8467","Machinery"
"Machinery for soldering","4220458","0.008565301872767937","8468","Machinery"
"Cash registers, calculators, etc.","16524741","0.03353650125988817","8470","Machinery"
"Computers","165708898","0.3363015896316729","8471","Machinery"
"Other office machines","12645754","0.025664205263685274","8472","Machinery"
"Parts and accessories for office machines","86860075","0.1762801011326883","8473","Machinery"
"Machinery for working minerals","237540472","0.48208176687927695","8474","Machinery"
"Machines for assembling electric lamps","868128","0.0017618415783790013","8475","Machinery"
"Automatic goods-vending machines","368059","0.0007469654814688581","8476","Machinery"
"Machinery for working rubber or plastics","74227272","0.1506421795625155","8477","Machinery"
"Machinery for preparing tobacco","8801543","0.017862486190159343","8478","Machinery"
"Machines n.e.c.","181347368","0.36803942860038796","8479","Machinery"
"Molding boxes for metal foundry","21888835","0.04442278051770882","8480","Machinery"
"Appliances for thermostatically controlled valves","306807418","0.6226571030856118","8481","Machinery"
"Ball or roller bearings","23110444","0.046902001932894136","8482","Machinery"
"Transmission shafts","90033123","0.18271971360526415","8483","Machinery"
"Gaskets and similar joints of metal sheeting","14042683","0.028499233732117806","8484","Machinery"
"Machinery parts, not containing electrical features, n.e.c.","29521117","0.05991228409956961","8485","Machinery"
"Electric motors and generators","63805555","0.12949159539900587","8501","Electronics"
"Electric generating sets and rotary converters","142460856","0.2891203363930937","8502","Electronics"
"Parts for use with electric generators","21807336","0.044257380568857606","8503","Electronics"
"Electrical transformers","204275330","0.41457108840066365","8504","Electronics"
"Electromagnets","4029668","0.008178098885721177","8505","Electronics"
"Primary cells and primary batteries","65815761","0.13357125244486426","8506","Electronics"
"Batteries","91114252","0.18491383477609533","8507","Electronics"
"Vacuum cleaners","15961252","0.032392916040704815","8508","Electronics"
"Electromechanical domestic appliances","16431775","0.03334782935416046","8509","Electronics"
"Electric shavers and hair clippers","2952994","0.00599301901321432","8510","Electronics"
"Electrical ignition equipment","14414925","0.029254688495492513","8511","Electronics"
"Electrical lighting equipment used for motor vehicles","13586706","0.027573841120216658","8512","Electronics"
"Portable electric lamps","32473818","0.06590470847745081","8513","Electronics"
"Industrial electric furnaces","6477541","0.01314598890884143","8514","Electronics"
"Electric soldering machines","14342383","0.02910746652847985","8515","Electronics"
"Electric heaters","44279569","0.08986415106631959","8516","Electronics"
"Telephones","61755935","0.12533194873874706","8517","Electronics"
"Microphones","58178801","0.11807225499239492","8518","Electronics"
"Sound reproducing apparatus","2144428","0.0043520568536438466","8519","Electronics"
"Magnetic tape recorders","1214572","0.0024649400198299564","8520","Electronics"
"Video recording apparatus","26971561","0.054738031262193496","8521","Electronics"
"Parts and accessories for video or sound equipment","472717","0.0009593659753015526","8522","Electronics"
"Sound storage media","23780937","0.04826274878751934","8523","Electronics"
"Tapes, cassettes, records and compact disks","3601417","0.0073089754180039905","8524","Electronics"
"Transmission apparatus for radio, telephone and TV","440332512","0.8936425595691769","8525","Electronics"
"Radar","21934728","0.04451591908201794","8526","Electronics"
"Reception apparatus for radio broadcasting","30944361","0.06280071812701538","8527","Electronics"
"Monitors and projectors","146211197","0.29673154891808934","8528","Electronics"
"Parts of radios, telephones, and T.V.s","18247598","0.037032991519620966","8529","Electronics"
"Electric signal and traffic controls","5428149","0.011016277094894299","8530","Electronics"
"Electric sound or visual signaling apparatus","16358741","0.03319960888686148","8531","Electronics"
"Electrical capacitors","2224763","0.004515094496939625","8532","Electronics"
"Electrical resistors","2168677","0.00440126952324339","8533","Electronics"
"Electronic printed circuits","1532620","0.003110409570772081","8534","Electronics"
"Electrical apparatus for > 1k volts","22458294","0.04557848168548838","8535","Electronics"
"Electrical apparatus for < 1k volts","115151159","0.23369606754387756","8536","Electronics"
"Electrical boards","157556811","0.3197571562910101","8537","Electronics"
"Parts for electrical apparatus","29836585","0.06055251761242494","8538","Electronics"
"Electrical filament","30503545","0.061906094342026624","8539","Electronics"
"Thermionic, cold cathode or photocathode tubes","3708760","0.007526825044496785","8540","Electronics"
"Semiconductor devices","79997301","0.16235229258807463","8541","Electronics"
"Electronic integrated circuits","28809758","0.05846860083701604","8542","Electronics"
"Electrical machines with individual functions n.e.c.","106398734","0.2159332649656358","8543","Electronics"
"Insulated electrical wire","316563855","0.6424575200326925","8544","Electronics"
"Carbon articles for eletrical purposes","4417038","0.008964255503428097","8545","Electronics"
"Electrical insulators of any material","6081162","0.012341548776745368","8546","Electronics"
"Insulating fittings for electrical machines","3830453","0.007773797596007249","8547","Electronics"
"Waste and scrap of batteries","1027778","0.002085846803401357","8548","Electronics"
"Electric trains","16241","0.0000329606568091956","8601","Vehicles"
"Other rail locomotives","9123227","0.018515334901754027","8602","Vehicles"
"Self-propelled railway coaches","6046","0.000012270188477827512","8603","Vehicles"
"Railway service vehicles","23558","0.00004781030436001662","8604","Vehicles"
"Railway coaches, not self-propelled","4337911","0.008803669462461333","8605","Vehicles"
"Railway cars, not self-propelled","6627104","0.0134495228485221","8606","Vehicles"
"Parts of railway locomotives","11973334","0.02429954761627198","8607","Vehicles"
"Railway track fixtures","2228164","0.004521996731642418","8608","Vehicles"
"Containers for multimodal transportation","21993669","0.04463553819863581","8609","Vehicles"
"Tractors","138918148","0.2819305092541741","8701","Vehicles"
"Buses","160973257","0.3266907382202724","8702","Vehicles"
"Cars","655332220","1.3299784741966794","8703","Vehicles"
"Motor vehicles for transporting goods","535917744","1.087630123634157","8704","Vehicles"
"Special purpose motor vehicles","62315647","0.12646786864170798","8705","Vehicles"
"Vehicle chassis fitted with engines","23745285","0.048190394047259416","8706","Vehicles"
"Vehicle Bodies","31690232","0.06431444253160448","8707","Vehicles"
"Parts of motor vehicles","294061817","0.5967902611184952","8708","Vehicles"
"Work trucks","5457056","0.011074943045659855","8709","Vehicles"
"Tanks and other armored fighting vehicles","31535113","0.06399963284478806","8710","Vehicles"
"Motorcycles","249034884","0.5054093556457014","8711","Vehicles"
"Bicycles","12316026","0.02499503147830368","8712","Vehicles"
"Wheelchairs","1438367","0.0029191257344173545","8713","Vehicles"
"Parts of motorcycles or wheelchairs","111304119","0.22588860709370528","8714","Vehicles"
"Baby carriages","601632","0.0012209953745108042","8715","Vehicles"
"Trailers and semi-trailers","62202252","0.1262377366499046","8716","Vehicles"
"Gliders, hang gliders","63008","0.00012787297975702213","8801","Vehicles"
"Other aircraft and spacecraft","197172866","0.4001568356820092","8802","Vehicles"
"Parts of other aircraft","12656154","0.025685311773802608","8803","Vehicles"
"Parachutes","12262","0.00002488538721718838","8804","Vehicles"
"Aircraft launching gear","334018","0.0006778802208049933","8805","Vehicles"
"Cargo ships and similar vessels","198268491","0.4023803760807886","8901","Vehicles"
"Fishing vessels","17091698","0.0346871246884068","8902","Vehicles"
"Pleasure or sport boats","23302559","0.04729189397050873","8903","Vehicles"
"Tugs and pusher craft","107091450","0.21733911277933196","8904","Vehicles"
"Special function vessels, n.e.c.","750806280","1.5237404177863936","8905","Vehicles"
"Other vessels","44916821","0.09115743623798227","8906","Vehicles"
"Other floating structures","9979944","0.020254018173695633","8907","Vehicles"
"Floating structures for scrapping","94397912","0.19157793121954603","8908","Vehicles"
"Optical fibers","9136497","0.018542265996874894","9001","Machinery"
"Lenses and other optical elements","715732","0.0014525581441634865","9002","Machinery"
"Frames for spectacles, goggles","1547231","0.0031400621880148098","9003","Machinery"
"Glasses","6182958","0.012548140921351543","9004","Machinery"
"Binoculars and telescopes","1060447","0.002152147628307435","9005","Machinery"
"Photographic cameras","1375859","0.0027922674907236654","9006","Machinery"
"Cinematographic cameras and projectors","1110575","0.0022538810070729886","9007","Machinery"
"Still image projectors","197002","0.0003998100678976142","9008","Machinery"
"Electrostatic photo-copyers","5900951","0.011975815575326617","9009","Machinery"
"Apparatus and equipment for photographic laboratories, n.e.c.","526417","0.0010683486285035602","9010","Machinery"
"Optical microscopes","1818268","0.0036901242248102008","9011","Machinery"
"Microscopes, other than optical","200209","0.00040631858500783457","9012","Machinery"
"Liquid crystal devices","1230772","0.0024978174682819586","9013","Machinery"
"Navigational instruments","6511158","0.01321421367332359","9014","Machinery"
"Surveying instruments","48328290","0.09808091748447015","9015","Machinery"
"Balances of a sensitivity < 50 milligram","777365","0.0015776405997463417","9016","Machinery"
"Drafting tables and machines","8425211","0.017098730885786572","9017","Machinery"
"Medical instruments","128509365","0.26080617428315084","9018","Machinery"
"Therapy applicances","20205069","0.04100562435287956","9019","Machinery"
"Other breathing appliances and gas masks","5745129","0.011659579169605142","9020","Machinery"
"Orthopedic appliances","3425665","0.006952291632798046","9021","Machinery"
"X-ray machines","34346227","0.06970471035267088","9022","Machinery"
"Instruments designed for demonstrational purposes","5659876","0.011486560582390417","9023","Machinery"
"Machines for testing the mechanical properties of materials","2634937","0.005347531197023054","9024","Machinery"
"Thermometers, hydrometers etc.","9200367","0.018671888381605106","9025","Machinery"
"Instruments for measuring properties of liquids or gases","72640363","0.1474215919794588","9026","Machinery"
"Instruments for physical or chemical analysis","56320418","0.11430071849322349","9027","Machinery"
"Gas, liquid or electricity meters","43174028","0.08762048642193224","9028","Machinery"
"Meters","7388682","0.014995124171804751","9029","Machinery"
"Instruments for measuring electricity","31091711","0.06309976084487973","9030","Machinery"
"Measuring instruments","33524988","0.06803802869283916","9031","Machinery"
"Automatic regulating instruments","24725189","0.05017908190206873","9032","Machinery"
"Other parts for machines and appliances","2734361","0.005549309433744775","9033","Machinery"
"Watches with precious metal","5855499","0.011883572008225358","9101","Machinery"
"Watches","5587099","0.011338861689427987","9102","Machinery"
"Clocks with watch movements","15350","0.00003115239714433547","9103","Machinery"
"Instrument panel clocks for vehicles","41967","0.00008517085673982585","9104","Machinery"
"Other clocks","2576934","0.00522981572526","9105","Machinery"
"Apparatus for measuring intervals of time","515702","0.0010466028346663254","9106","Machinery"
"Time switches","994164","0.0020176281273355788","9107","Machinery"
"Watch movements, complete","8520","0.00001729110251920119","9108","Machinery"
"Clock movements, complete","18753","0.00003805869079138262","9109","Machinery"
"Clock movements, complete, unassembled","2208","0.0000044810744556803084","9110","Machinery"
"Watch cases and parts","5480","0.000011121507254134098","9111","Machinery"
"Clock cases","7503","0.000015227129366381048","9112","Machinery"
"Watch straps","80903","0.00016419038346372465","9113","Machinery"
"Other clock or watch parts","33638","0.00006826738339681804","9114","Machinery"
"Pianos","397452","0.0008066177556879756","9201","Machinery"
"Musical instruments, string","310604","0.0006303621604312167","9202","Machinery"
"Musical instruments, wind","138831","0.0002817536448172794","9205","Machinery"
"Musical instruments, percussion","443024","0.0008991048594444352","9206","Machinery"
"Musical instruments, electric","667536","0.0013547457055466533","9207","Machinery"
"Other musical instruments, n.e.c.","369444","0.0007497763003642916","9208","Machinery"
"Parts of musical instruments","382145","0.0007755526258450867","9209","Machinery"
"Military weapons, other than pistols and swords","3975063","0.008067279560244535","9301","Machinery"
"Revolvers and pistols","150033","0.00030448779158020095","9302","Machinery"
"Other firearms","310711","0.0006305793139487701","9303","Machinery"
"Other arms (air guns, truncheons, etc.)","1003764","0.00203711105975158","9304","Machinery"
"Parts of military weapons","304716","0.0006184126285494026","9305","Machinery"
"Munitions of war","45152425","0.09163558798891347","9306","Machinery"
"Swords","17935","0.00003639858259176917","9307","Machinery"
"Seats","87465113","0.17750800888926252","9401","Textiles"
"Medical, dental or veterinary furniture","16559887","0.033607829087251996","9402","Textiles"
"Other furniture and parts","501602173","1.0179876287790013","9403","Textiles"
"Mattresses and bedding","19885765","0.04035760578494634","9404","Textiles"
"Lamps","123006389","0.24963803787743447","9405","Textiles"
"Prefabricated buildings","53412352","0.10839887960371604","9406","Textiles"
"Toys","35983023","0.07302654221171061","9503","Machinery"
"Games","9339791","0.0189548455033935","9504","Machinery"
"Christmas and other festivity articles","8346414","0.016938814570621605","9505","Machinery"
"Sports equipment","17061550","0.03462594016273205","9506","Machinery"
"Fishing and hunting equipment","3455319","0.007012473599242222","9507","Machinery"
"Fairground amusements","1404030","0.002849439750003996","9508","Machinery"
"Worked animal carving material","48184","0.00009778808495131339","9601","Machinery"
"Worked vegetable or mineral carving material","1050155","0.00213126030117978","9602","Machinery"
"Brooms and mops","32684291","0.06633185756436676","9603","Machinery"
"Hand sieves and riddles","399893","0.0008115716971491692","9604","Machinery"
"Travel sets","626508","0.0012714805231337676","9605","Machinery"
"Buttons","2086929","0.004235364235832631","9606","Machinery"
"Slide fasteners","1880736","0.0038169012896188226","9607","Machinery"
"Pens","14139371","0.028695459333100966","9608","Machinery"
"Pencils, crayons, pastels, etc.","5763076","0.011696002105862432","9609","Machinery"
"Slates and boards, with writing or drawing surfaces","2061182","0.004183111416987341","9610","Machinery"
"Hand-operated stamps","968230","0.001964995797202602","9611","Machinery"
"Typewriter ribbons and ink pads","3303571","0.006704505262964788","9612","Machinery"
"Cigarette lighters","2969606","0.006026732604182508","9613","Machinery"
"Smoking pipes","663239","0.001346025063818366","9614","Machinery"
"Combs, hair-slides etc.","6493205","0.013177778560233541","9615","Machinery"
"Scent sprays","2290895","0.004649307547620353","9616","Machinery"
"Vacuum vessels","11644789","0.023632774696416232","9617","Machinery"
"Mannequins","2590008","0.005256349043844042","9618","Machinery"
"Paintings and drawings","1208247","0.0024521036086287886","9701","Textiles"
"Original engravings","29596","0.0000600642570608308","9702","Textiles"
"Sculptures","121831","0.0002472526186639437","9703","Textiles"
"Postage or revenue stamps","21908","0.00004446167535101639","9704","Textiles"
"Collectors pieces","1339","0.0000027174631776068538","9705","Textiles"
"Antiques >100 years","9631","0.000019545846051928013","9706","Textiles"
"Commodities not specified according to kind","432960264","0.8786807877423018","9999","Other"
"Trade data discrepancies","1042788352","2.116309894396814","XXXX","Other"
"Travel and tourism","1576847123","3.2001672841432454","travel","Services"
"Transport","5250260466","10.655257273487678","transport","Services"
"ICT","5203987033","10.561346631008995","ict","Services"
"Insurance and finance","1513760722","3.0721351917420203","financial","Services"